Topic,Count,Name,Representation,Representative_Docs
-1,39802,-1_climate_energy_change_global,"['climate', 'energy', 'change', 'global', 'emissions', 'carbon', 'warming', 'power', 'water', 'ice']","['For instance, Mercer published a study in 1978 predicting that anthropogenic carbon dioxide warming and its potential effects on climate in the 21st century could cause a sea level rise of around 5 metres (16\xa0ft) from melting of the West Antarctic ice-sheet alone.', ""In 2008, Spencer and William Braswell published a paper in the Journal of Climate which suggests that natural variations in how clouds form could actually be causing temperature changes, rather than the other way around, and could also lead to overestimates of how sensitive the Earth's climate is to greenhouse gas emissions."", 'These may use electricity, natural gas, propane, heating oil, solar, or other energy sources.']"
0,1494,0_species_extinction_threatened_habitat,"['species', 'extinction', 'threatened', 'habitat', 'endangered', 'genetic', 'ecosystem', 'biodiversity', 'conservation', 'diversity']","['The species is threatened by habitat loss and agricultural activities.', 'Habitat fragmentation is often a cause of species becoming threatened or endangered.', 'Of these, about one eighth of known plant species are threatened with extinction.']"
1,1290,1_star_asteroid_sun_orbit,"['star', 'asteroid', 'sun', 'orbit', 'stars', 'light', 'distance', 'magnitude', 'constellation', 'galaxy']","[""According to the NEOWISE mission of NASA 's Wide-field Infrared Survey Explorer, the Jovian asteroid measures 51.7 kilometers in diameter and its surface has an albedo of 0.060, while the Collaborative Asteroid Lightcurve Link assumes a standard albedo for carbonaceous asteroids of 0.057 and calculates a diameter of 50.8 kilometers, based on an absolute magnitude of 10.2."", 'HD 190647 is a yellow subgiant star located approximately 177 light years away in the constellation of Sagittarius.', 'HD 192699 is a yellow subgiant star located approximately 214 light-years away in the constellation of Aquila.']"
2,733,2_forest_deforestation_trees_forests,"['forest', 'deforestation', 'trees', 'forests', 'marshes', 'tree', 'forestry', 'wetlands', 'habitats', 'reforestation']","[""The underlying idea is that developing nations should be financially compensated if they succeed in reducing their levels of deforestation (through valuing the carbon that is stored in forests); a concept termed 'avoided deforestation (AD) or, REDD if broadened to include reducing forest degradation (see Reducing emissions from deforestation and forest degradation)."", 'This is a forest so important to forest ecosystems that it is called the “rooftop of the rockies”.', 'Then deforestation rates accelerate (HFHD, high forest cover – high deforestation rate), and forest cover is reduced (LFHD, low forest cover – high deforestation rate), before the deforestation rate slows (LFLD, low forest cover – low deforestation rate), after which forest cover stabilizes and eventually starts recovering.']"
3,665,3_water_groundwater_scarcity_irrigation,"['water', 'groundwater', 'scarcity', 'irrigation', 'sanitation', 'wastewater', 'supply', 'drinking', 'aquifers', 'management']","[""Physical water scarcity results from inadequate natural water resources to supply a region's demand, and economic water scarcity results from poor management of the sufficient available water resources."", 'water supply (drinking water, waste water/sewage, stemming of surface water (e.g. dikes and sluices)) ;', 'Water scarcity is the lack of fresh water resources to meet water demand.']"
4,542,4_nuclear_power_reactors_radioactive,"['nuclear', 'power', 'reactors', 'radioactive', 'accident', 'radiation', 'disaster', 'weapons', 'accidents', 'reactor']","['On the other hand, power reactors can also reduce nuclear weapons arsenals when military grade nuclear materials are reprocessed to be used as fuel in nuclear power plants.', 'Public concerns about nuclear power include the fate of spent nuclear fuel, nuclear accidents, security risks, nuclear proliferation, and a concern that nuclear power plants are very expensive.', 'The reactors are intended for use in nuclear power plants to produce nuclear power from nuclear fuel.']"
5,537,5_records_song_record_album,"['records', 'song', 'record', 'album', 'music', 'songs', 'recording', 'recorded', 'label', 'released']","['The album was later released through iTunes worldwide by the Finnish record label Symbolic Records.', 'The album was to be released under Jive Records, after RCA Music Group shut it down along with Arista Records and J Records, all prior signees (Travis Porter included) switched over to the RCA Records brand.', 'The song was released by Roc-A-Fella Records and produced by West for Konman Productions.']"
6,532,6_event_ended_season_began,"['event', 'ended', 'season', 'began', 'place', 'took', 'events', 'held', '2016', 'started']","['The season began on April 4 and ended on November 14.', 'The season began on 13 July 2013 and ended on 25 May 2014.', 'The season began on 6 August 2016 and ended on 31 May 2017.']"
7,525,7_oil_crude_production_petroleum,"['oil', 'crude', 'production', 'petroleum', 'reserves', 'barrels', 'prices', 'gas', 'price', 'peak']","[""All of Hubbert's analyses of peak oil specifically excluded oil manufactured from oil shale or mined from oil sands."", 'Williams extracted 1.5 million litres of crude oil by 1860, refining much of it into kerosene lamp oil.', ""In 2010 of oil was dumped into the Gulf of Mexico when BP's Deepwater Horizon oil rig exploded.""]"
8,495,8_war_attacks_military_al,"['war', 'attacks', 'military', 'al', 'terrorism', 'forces', 'terrorist', 'attack', 'conflict', 'security']","['Apart from its main focus on World War II, it has been adapted to the Spanish Civil War, the Falklands War and the Korean War.', 'There is no tension here, no jarring forces at war with each other.', 'The War on Terrorism, like some previous wars involving the United States (particularly World War II and the Cold War), is a conflict between good and evil.']"
9,457,9_highway_road_route_street,"['highway', 'road', 'route', 'street', 'west', 'east', 'north', 'freeway', 'lane', 'south']","['It is bounded on the west by 231 Street NW, north by the Hawks Ridge neighbourhood, east by 215 Street NW (Winterburn Road), and south by Yellowhead Trail (Highway 16).', 'It is bounded by Canning Highway to the north, the Canning River to the east, Cranford Avenue, Moolyeen Road and Canning Avenue to the south, and Rogerson Road, Coomoora Road, Henley Road and Ardross Street to the west.', 'Local east-west highways that serve the region include Stearns Road, U.S. Route 20 (Lake Street), Illinois Route 19 (Irving Park Road), Thorndale Avenue, Biesterfield Road, Devon Avenue, Illinois Route 72 (Higgins Road and Touhy Avenue), Schaumburg Road, Illinois Route 58 (Golf Road), Illinois Route 62 (Algonquin Road), Kirchoff Road, Dempster Street, Oakton Street, Euclid Avenue, Central Avenue, U.S. Route 14 (Northwest Highway/Ronald Reagan Highway), U.S. Route 12 (Rand Road), Palatine Road, Illinois Route 68 (Dundee Road), Huntley Road, and Big Timber Road.']"
10,454,10_expedition_named_names_committee,"['expedition', 'named', 'names', 'committee', 'mapped', 'photos', 'survey', 'surveys', 'geological', 'station']","['It was mapped by the United States Geological Survey from surveys and U.S. Navy air photos, 1960 -- 64, and was named by the Advisory Committee on Antarctic Names for David L. Mericle, U.S. Navy, an electronics technician at McMurdo Station, 1967.', 'It was discovered and photographed by the Ronne Antarctic Research Expedition, 1947 -- 48, was mapped by the United States Geological Survey from surveys and U.S. Navy air photos, 1961 -- 67, and was named by the Advisory Committee on Antarctic Names for W.H. Jenkins, a hospital corpsman at South Pole Station, winter party 1963.', 'Named by the New Zealand Antarctic Place-Names Committee (NZ-APC) for W. Romanes, mountaineer assistant with the expedition.']"
11,450,11_students_offers_courses_master,"['students', 'offers', 'courses', 'master', 'degrees', 'graduate', 'undergraduate', 'degree', 'school', 'bachelor']","[""The university offers undergraduate bachelor 's degrees, graduate master 's degrees and doctoral degrees, organized into eight colleges and schools and one Methodist seminary."", 'Another particularity of the school is to admit students holder of a Bachelor, a Master or a Ph.D..', 'There are about 13000 undergraduate students and more than 100 graduate students.']"
12,450,12_coal_mining_ash_fired,"['coal', 'mining', 'ash', 'fired', 'tonnes', 'mines', 'power', 'reserves', 'burning', 'gas']","['In 2011 Shanxi Coking Coal Group is the largest Chinese miner for coking coal (metallurgical coal).', 'The Tugnui Coal Mine is a coal mine located in Buryatia.', 'Coal-water slurry fuel was made in a ball mill which pulverised the coal or coal sludge.']"
13,441,13_cattle_agriculture_farming_livestock,"['cattle', 'agriculture', 'farming', 'livestock', 'agricultural', 'farmers', 'dairy', 'animal', 'economy', 'sheep']","['Intensive animal farming or industrial livestock production, also known by its opponents as factory farming, is a type of intensive agriculture, specifically an approach to animal husbandry designed to maximize production, while minimizing costs.', 'The primary economy of the county has always been agricultural and livestock farming based.', 'Its economy is based on agriculture and cattle raising.']"
14,440,14_boxing_fight_boxer_champion,"['boxing', 'fight', 'boxer', 'champion', 'heavyweight', 'welterweight', 'fighting', 'professional', 'martial', 'middleweight']","[""Clyde Gray is a Canadian professional welter/light middle/middleweight boxer of the 1960s, '70s and '80s who won the Canada welterweight title, and Commonwealth welterweight title, and was a challenger for the North American Boxing Federation (NABF) welterweight title against Armando Muñíz, and Pete Ranzany, World Boxing Council (WBC) welterweight title against José Nápoles, and World Boxing Association (WBA) World welterweight title against José Nápoles, Ángel Espada, and José ``Pipino'' Cuevas, his professional fighting weight varied from 144 lb, i.e. welterweight to 155 +1 / 2 lb, i.e. middleweight, he was managed by Irving Ungerman, and trained by Teddy McWhorter and Lee Black."", 'Brandon W.K. Wolff (born October 18, 1975) is an American mixed martial artist and former Navy SEAL, who is perhaps best known for his two-fight stint in the Welterweight division of the Ultimate Fighting Championship.', 'Andy Holligan (born 6 June 1967 in Liverpool) is an English amateur light welterweight and professional light welter/welter/light middleweight boxer of the 1980s and 1990s, who as an amateur won the 1987 Amateur Boxing Association of England (ABAE) light welterweight title, against Richard Bryan (Fitzroy Lodge ABC (London)), boxing out of Rotunda ABC (Liverpool), and as a professional won the British Boxing Board of Control (BBBofC) British light welterweight title (twice), and Commonwealth light welterweight title (twice), and was a challenger for the World Boxing Council (WBC) light welterweight title against Julio César Chávez, and World Boxing Union (WBU) light welterweight title against Shea Neary, his professional fighting weight varied from 139 lb, i.e. light welterweight to 153 lb, i.e. light middleweight.']"
15,429,15_elevation_feet_highest_level,"['elevation', 'feet', 'highest', 'level', 'ft', 'sea', 'peak', 'mountain', 'lies', 'metres']","['Its highest peak Orlovača has an elevation of 1,693 meters above sea level.', 'With an elevation of 1353 m above sea level, the peak is the 46th highest mountain in Tasmania.', 'It has an elevation of 495 feet (151 m) above sea level.']"
16,412,16_solar_photovoltaic_power_systems,"['solar', 'photovoltaic', 'power', 'systems', 'thermal', 'photovoltaics', 'panels', 'heating', 'cells', 'electricity']","['These cells are assembled into solar panels as part of a photovoltaic system to generate solar power from sunlight.', 'Solar thermal power stations include the 354\xa0megawatt (MW) Solar Energy Generating Systems power plant in the US, Solnova Solar Power Station (Spain, 150\xa0MW), Andasol solar power station (Spain, 100\xa0MW), Nevada Solar One (USA, 64\xa0MW), PS20 solar power tower (Spain, 20\xa0MW), and the PS10 solar power tower (Spain, 11\xa0MW).', 'The Solar Two in Daggett, California and the CESA-1 in Plataforma Solar de Almeria Almeria, Spain, are the most representative demonstration plants.']"
17,399,17_islands_island_atoll_archipelago,"['islands', 'island', 'atoll', 'archipelago', 'mainland', 'new', 'small', 'group', 'south', 'inhabited']","['Most of these are on islands, including several on Whidbey Island and one on San Juan Island.', 'St. Andrews Islands is an island of Papua New Guinea.', 'Nusatupe is an island in the Solomon Islands.']"
18,398,18_hurricane_tropical_cyclone_storm,"['hurricane', 'tropical', 'cyclone', 'storm', 'typhoon', 'cyclones', 'category', 'season', 'landfall', 'winds']","['Tropical Storm Isidore was the 15th tropical cyclone and 9th named storm of the 1984 Atlantic hurricane season.', 'The thirteenth observed tropical cyclone, eleventh tropical storm, and fourth hurricane of the 1942 Atlantic hurricane season, this storm was detected in the vicinity of Turks and Caicos Islands on November 5.', 'Tropical Storm Blanca was a short-lived tropical cyclone during the 2009 Pacific hurricane season.']"
19,379,19_university_school_college_professor,"['university', 'school', 'college', 'professor', 'music', 'medical', 'medicine', 'graduated', 'taught', 'faculty']","['Before joining the faculty at Boston University, he taught at Tufts University, Northwestern University, and the University of Maryland, College Park.', 'He was graduated from Baylor University, Waco, Texas, in 1895, from Yale University, in 1896, and from Columbian University (now George Washington University), Washington, D.C., in 1899.', 'Cyril Y. Bowers, M.D., Emeritus Professor of Medicine at Tulane University School of Medicine, attended medical school at the University of Oregon and did an internship at the University of Washington.']"
20,350,20_wind_farm_turbines_capacity,"['wind', 'farm', 'turbines', 'capacity', 'power', 'electricity', 'installed', 'offshore', 'farms', 'megawatts']","['St. Joseph Wind Farm is a wind energy power plant in southern Manitoba, Canada.', 'Other wind farms include: The Pampilhosa Wind Farm (114 MW) that uses Vestas V90 turbines; The Caramulo Wind Farm with a capacity of 90 MW, using Enercon E-70 E4 and E82/2000 turbines; and the Candeeiros Wind Farm with a capacity of 111 MW, using Vestas V90 turbines.', ""The Roscoe Wind Farm in Roscoe, Texas, Texas's largest wind farm with 627 wind turbines and a total installed capacity of 781.5\xa0MW, surpassed the nearby 735.5\xa0MW Horse Hollow Wind Energy Center.""]"
21,349,21_hockey_season_league_ice,"['hockey', 'season', 'league', 'ice', 'tournament', 'championship', 'men', 'division', 'team', 'level']","['The 2000 -- 01 Austrian Hockey League season was the 71st season of the Austrian Hockey League, the top level of ice hockey in Austria.', 'The 2007-08 Irish Ice Hockey League season was the first season of the Irish Ice Hockey League, the top level of ice hockey in Ireland.', 'The 2009 -- 10 Bulgarian Hockey League season was the 58th season of the Bulgarian Hockey League, the top level of ice hockey in Bulgaria.']"
22,341,22_population_people_census_2010,"['population', 'people', 'census', '2010', 'density', 'estimated', 'inhabitants', '2011', '2005', 'total']","['Population:', 'Population:', 'Population:']"
23,335,23_glaciers_ice_glacier_retreat,"['glaciers', 'ice', 'glacier', 'retreat', 'shelf', 'sheet', 'arctic', 'retreating', 'mass', 'sea']","['In Greenland, glacier retreat has been observed in outlet glaciers, resulting in an increase of the ice flow rate and destabilization of the mass balance of the ice sheet that is their source.', 'Three glaciers that have been researched—Helheim Glacier, Kangerdlugssuaq Glacier, and Jakobshavn Isbræ—jointly drain more than 16% of the Greenland Ice Sheet.', 'Its massif separates two glaciers : the Grosser Aletschfirn and the Jungfraufirn, both part of the Aletsch Glacier.']"
24,329,24_phytoplankton_ocean_oceans_plastic,"['phytoplankton', 'ocean', 'oceans', 'plastic', 'acidification', 'marine', 'dioxide', 'organisms', 'algal', 'dissolved']","['Under future conditions of anthropogenic warming and ocean acidification, changes in phytoplankton mortality may be significant.', 'Plastic pollution can afflict land, waterways and oceans.', ""Ocean acidification is the increase in the acidity of the Earth's oceans caused by the uptake of carbon dioxide () from the atmosphere.""]"
25,328,25_warming_global_climate_change,"['warming', 'global', 'climate', 'change', 'science', 'book', 'scientific', 'blog', 'media', 'scientists']","['Hell and High Water (book), a 2006 book about global warming by Joseph J. Romm', 'In his 2006 book ""The Republican War on Science"", Chris Mooney wrote that Inhofe ""politicizes and misuses the science of climate change"".', 'He also lectures on energy technology, global warming and how the media portrays climate change.']"
26,317,26_professor_sciences_university_science,"['professor', 'sciences', 'university', 'science', 'award', 'botanist', 'fellow', 'astronomy', 'scientist', 'director']","['Andrew Emory Dessler (born 1964) is a climate scientist and Professor of Atmospheric Sciences at Texas A&M University.', 'She is a professor at the University of California, Davis in the Earth and Planetary Sciences Department.', 'He is the Mellon Professor of the Natural Sciences at Lamont-Doherty Earth Observatory of Columbia University.']"
27,315,27_disease_malaria_diseases_virus,"['disease', 'malaria', 'diseases', 'virus', 'fever', 'infection', 'infected', 'outbreak', 'spread', 'infectious']","['As a result, malaria is a common misdiagnosis for the disease.', 'Global warming may extend the favourable zones for vectors conveying infectious disease such as dengue fever, West Nile virus, and malaria.', 'Her research encompasses sexually-transmitted diseases (STDs) such as HIV/AIDS, as well as vector-borne diseases, such as Lyme disease, dengue, and Zika virus and Zika fever.']"
28,310,28_journal_peer_reviewed_articles,"['journal', 'peer', 'reviewed', 'articles', 'journals', 'published', 'publishes', 'papers', 'fiction', 'stories']","['The Journal of Clinical Ophthalmology is a peer-reviewed medical journal of Ophthalmology.', 'The Journal of Epidemiology and Biostatistics is a peer reviewed journal for epidemiological and biostatistical studies.', 'International Journal of Francophone Studies is a quarterly peer-reviewed academic journal published by Intellect.']"
29,297,29_coral_reefs_reef_bleaching,"['coral', 'reefs', 'reef', 'bleaching', 'corals', 'shallow', 'depths', 'barrier', 'waters', 'sea']","['One of the main results of climate change is rising sea water temperature which has a serious effect on coral reefs, through thermal-stress related coral bleaching.', 'There are a few ways to tell the impacts of coral bleaching on reefs.', 'Coral bleaching in the Red Sea is more common in the northern section of the reefs, the southern part of the reef has been plagued by coral eating starfish, dynamite fishing and human impacts on the environment.']"
30,295,30_volcanic_volcano_lava_eruption,"['volcanic', 'volcano', 'lava', 'eruption', 'eruptions', 'volcanoes', 'caldera', 'mantle', 'erupted', 'volcanism']","['The volcanic cone was formed by lava and pyroclastic flows.', 'The eruption had a Volcanic Explosivity Index of 3, and involved a central vent eruption, radial fissure eruption, explosive eruption, lava flows, and a lava lake eruption.', 'The volcanic field is best known for the 18th century eruption of Jorullo volcano, and 20th century eruption of Parícutin volcano.']"
31,292,31_dinosaur_genus_stage_lived,"['dinosaur', 'genus', 'stage', 'lived', 'late', 'ago', 'extinct', 'formation', 'dinosaurs', 'million']","['It lived from 501 to 490 million years ago during the Dresbachian faunal stage of the late Cambrian Period.', ""Hylaeosaurus ([haɪˌliːoʊ-ˈsɔːrəs] ; Greek : hylaios / ὑλαῖος ``belonging to the forest'' and sauros / σαυρος ``lizard'') is a herbivorous ankylosaurian dinosaur that lived about 136 million years ago, in the late Valanginian stage of the early Cretaceous period of England."", ""Halticosaurus (pron. : ``HAL-tick-oh-SORE-us'') is a dubious genus of theropod dinosaur from the late Triassic period (middle Norian stage, around 208 million years ago).""]"
32,282,32_killed_injured_died_people,"['killed', 'injured', 'died', 'people', 'deaths', 'death', 'toll', 'casualties', 'victims', 'passengers']","['He killed 12 people and injured 11 others.', 'Eleven people were killed and twenty-three others were injured.', 'Five people were killed and eight more were injured.']"
33,270,33_warmest_temperature_temperatures_record,"['warmest', 'temperature', 'temperatures', 'record', 'average', 'month', 'coldest', 'instrumental', 'hottest', 'recorded']","['The U.S. had its warmest March–May on record in 2012.', '2016 was the warmest year on record.', 'August was by far the warmest, sunniest, and driest month, with temperatures roughly 2\xa0°C above average.']"
34,254,34_satellite_missile_launched_satellites,"['satellite', 'missile', 'launched', 'satellites', 'spacecraft', 'radio', 'digital', 'launch', 'signal', 'frequency']","[""With Astérix, France became the sixth country to have an artificial satellite in orbit after : USSR (Sputnik 1, 1957), the United States (Explorer 1, 1958), the United Kingdom (Ariel 1, 1962), Canada (Alouette 1, 1962) and Italy (San Marco 1, 1964), and the third to launch a satellite on its own (the UK, Canada and Italy 's satellites were launched on American rockets)."", ""Kosmos 2282 (Космос 2282 meaning Cosmos 2282) is a Russian US-KMO missile early warning satellite which was launched in 1994 as part of the Russian Space Forces ' Oko programme."", 'It was the first Spacebus satellite to be launched.']"
35,249,35_fires_wildfire_burned_destroyed,"['fires', 'wildfire', 'burned', 'destroyed', 'wildfires', 'forest', 'building', 'started', 'burn', 'caught']","['Trimmers were also involved in extinguishing fires in the coal bunkers.', 'The Roblar Fire was a wildfire that burned on Camp Pendleton, San Diego County, California during July 2016.', 'Investigators ruled both fires as arson.']"
36,241,36_forcing_radiative_models_radiation,"['forcing', 'radiative', 'models', 'radiation', 'sensitivity', 'climate', 'feedback', 'feedbacks', 'atmosphere', 'forcings']","['Radiative forcing from sources other than can cause a higher or lower surface warming than a similar radiative forcing due to ; the amount of feedback varies, mainly because these forcings are not uniformly distributed over the globe.', 'Radiative forcing is the imbalance between incoming and outgoing radiation at the top of the atmosphere resulting from a change in atmospheric composition or other changes in radiation budget prior to long-term changes in global temperature resulting from forcing.', 'Although the term climate sensitivity is usually used in the context of radiative forcing by CO, it is thought of as a general property of the climate system: the change in surface air temperature following a unit change in radiative forcing, and the climate sensitivity parameter is therefore expressed in units of °C/(W/m).']"
37,219,37_renewable_energy_technologies_renewables,"['renewable', 'energy', 'technologies', 'renewables', 'efficiency', 'electricity', 'barriers', 'sources', 'technological', 'policy']","['In 2007, ACORE published Outlook On Renewable Energy In America, a two volume report about the future of renewable energy in the United States.', 'Renewable energy and energy efficiency are said to be the ""twin pillars"" of sustainable energy policy.', 'Renewable energy, or energy that is harnessed from renewable sources, is an alternative energy.']"
38,217,38_century_assigned_19th_18th,"['century', 'assigned', '19th', '18th', 'dates', 'middle', '12th', '10th', '17th', '14th']","['Palaeographically it has been assigned to the 13th century.', 'Palaeographically it has been assigned to the 13th century.', 'Additions were made in the late 19th century, with alterations in the 20th century.']"
39,213,39_cloud_clouds_troposphere_stratosphere,"['cloud', 'clouds', 'troposphere', 'stratosphere', 'air', 'vapor', 'condensation', 'atmosphere', 'nuclei', 'albedo']","[""Recent research at CERN's CLOUD facility examined links between cosmic rays and cloud condensation nuclei, demonstrating the effect of high-energy particulate radiation in nucleating aerosol particles that are precursors to cloud condensation nuclei."", 'A cloud étage is a meterological term used to delimit any one of three main altitude levels in the troposphere where certain cloud types usually form.', 'Cloud condensation nuclei or CCNs (also known as cloud seeds) are small particles typically 0.2 µm, or 1/100th the size of a cloud droplet on which water vapor condenses.']"
40,210,40_play_literature_works_plays,"['play', 'literature', 'works', 'plays', 'work', 'language', 'writing', 'books', 'history', 'fiction']","[""It is based on William Shakespeare 's play of the same name."", 'The movie was based on a theatrical play by Stefanos Fotiadis.', 'Dido, Queen of Carthage (play), a play by Christopher Marlowe']"
41,207,41_flowers_white_yellow_flowering,"['flowers', 'white', 'yellow', 'flowering', 'blooms', 'pink', 'flower', 'spring', 'produces', 'cm']","['It blooms from September to November producing yellow-white flowers.', 'The inflorescence is a panicle of small flowers.', 'The flowers have six tepals and nine stamens.']"
42,207,42_pollution_air_particulate_pollutants,"['pollution', 'air', 'particulate', 'pollutants', 'premature', 'deaths', 'matter', 'particulates', 'lung', 'cancer']","['In 2010, air pollution caused 1.2 million premature deaths in China.', 'Air pollution is a significant risk factor for a number of pollution-related diseases, including respiratory infections, heart disease, COPD, stroke and lung cancer.', 'In 2012, air pollution caused premature deaths on average of 1 year in Europe, and was a significant risk factor for a number of pollution-related diseases, including respiratory infections, heart disease, COPD, stroke and lung cancer.']"
43,206,43_sustainability_sustainable_development_business,"['sustainability', 'sustainable', 'development', 'business', 'social', 'goals', 'environmental', 'economic', 'needs', 'economics']","['While the United Nations Millennium Declaration identified principles and treaties on sustainable development, including economic development, social development, and environmental protection, it continued using three domains: economics, environment, and social sustainability.', 'The idea of sustainability as a business opportunity has led to the formation of organizations such as the Sustainability Consortium of the Society for Organizational Learning, the Sustainable Business Institute, and the World Council for Sustainable Development.', 'Sustainability science, like sustainability itself, derives some impetus from the concepts of sustainable development and environmental science.']"
44,202,44_aircraft_car_vehicles_cars,"['aircraft', 'car', 'vehicles', 'cars', 'passenger', 'trucks', 'seat', 'engine', 'fleet', 'sales']","['Also in January 2017, the electrified passenger car segment, consisting of plug-in hybrids, all-electric cars and conventional hybrids, for the first time ever surpassed combined sales of cars with a conventional diesel or gasoline engine, with a market share of 51.4 % of new car sales that month.', 'Passenger airlines usually operate a fleet of passenger aircraft which, rather than being owned outright, are usually leased from commercial aircraft sales and leasing companies.', 'As of 2016, Modo has over 17,000 individual and business members and a fleet of 500 vehicles, including cars, trucks, SUVs, passenger and cargo vans, premium cars, hybrids and electrics.']"
45,201,45_ppm_dioxide_methane_greenhouse,"['ppm', 'dioxide', 'methane', 'greenhouse', 'atmospheric', 'atmosphere', 'carbon', 'concentrations', 'concentration', 'gas']","['The 2\xa0°C rise is typically associated in climate models with a carbon dioxide equivalent concentration of 400–500 ppm by volume; the current (January 2015) level of carbon dioxide alone is 400 ppm by volume, and rising at 1–3 ppm annually.', 'Natural gas is thus a more potent greenhouse gas than carbon dioxide due to the greater global-warming potential of methane.', 'Human activities since the beginning of the Industrial Revolution (around 1750) have produced a 45% increase in the atmospheric concentration of carbon dioxide, from 280 ppm in 1750 to 415 ppm in 2019.']"
46,198,46_fish_genus_family_finned,"['fish', 'genus', 'family', 'finned', 'species', 'ray', 'fishes', 'prehistoric', 'extinct', 'freshwater']","['Torquigener brevipinnis is a species of fish in the family Tetraodontidae.', 'Paracaristius is a genus of fish in the family Caristiidae, the manefishes.', 'Cirrhinus is a genus of fish in the family Cyprinidae, the carps and minnows.']"
47,196,47_formula_acid_compound_molecular,"['formula', 'acid', 'compound', 'molecular', 'refer', 'chemical', 'color', 'inorganic', 'soluble', 'hydrogen']","['Homophthalic acid is a dicarboxylic acid with the formula C6H4 (CO2H) CH2CO2H.', '1,2-Dioxane or o-dioxane is a chemical compound with the molecular formula C4H8O2.', 'Adipic acid or hexanedioic acid is the organic compound with the formula (CH2) 4 (COOH) 2.']"
48,189,48_economics_economic_social_externalities,"['economics', 'economic', 'social', 'externalities', 'economy', 'market', 'developing', 'economists', 'goods', 'benefit']","['This is in contrast to the two other conventional economic doctrines, neoclassical economics and Keynesian economics.', 'Frank notes that treating positional externalities like other externalities might lead to ""intrusive economic and social regulation.', 'These policies are commonly associated with supply-side economics, referred to as trickle-down economics or voodoo economics by political opponents, and free-market economics by political advocates.']"
49,189,49_carbon_trading_price_cap,"['carbon', 'trading', 'price', 'cap', 'emissions', 'market', 'tax', 'pricing', 'allowances', 'trade']","['The optimal carbon price, or optimal carbon tax, is the market price (or carbon tax) on carbon emissions that balances the incremental costs of reducing carbon emissions with the incremental benefits of reducing climate damages.', 'Carbon pricing methods, such as a carbon tax or an emissions trading system, are favored by many economists as the most efficient and effective means to reduce GHG emissions, and are increasingly being deployed around the world.', 'It specifies that countries could use either emissions trading or carbon taxes to price carbon.']"
50,188,50_photosynthesis_photosynthetic_plants_oxygen,"['photosynthesis', 'photosynthetic', 'plants', 'oxygen', 'light', 'fixation', 'organisms', 'dioxide', 'carbon', 'respiration']","['Through the process of photosynthesis, plants capture energy from light and use it to combine carbon dioxide and water to produce carbohydrates and oxygen.', 'This is called oxygenic photosynthesis and is by far the most common type of photosynthesis used by living organisms.', 'Plants and other photoautotrophs use solar energy to produce carbohydrate from atmospheric carbon dioxide and water by photosynthesis.']"
51,179,51_lake_km_area_km2,"['lake', 'km', 'area', 'km2', 'depth', 'square', 'mi', 'metres', 'surface', 'acre']","['The lake has a total surface area of 2659 acre, and a maximum depth of 120 ft. A channel drains from the lake south into Torch Bay, which opens into Portage Lake.', 'The lake covers an area of 344 km2, making it the second-largest lake by surface area in New Zealand (after Lake Taupo) and the largest in the South Island.', 'The surface area of the lake is 0.11 km ²']"
52,175,52_flood_flooding_floods_flooded,"['flood', 'flooding', 'floods', 'flooded', 'heavy', 'storm', 'rains', 'river', 'damage', 'destroyed']","['In some categories, the 1993 flood even surpassed the 1927 flood, at the time the largest flood ever recorded on the Mississippi.', 'Flooding in surrounding areas occurred in 1932 following a torrential downpour that caused the river and surrounding creeks to rise and flood a few hours later.', 'In Poland, where it was one of the most disastrous floods in the history of that country, it was named the Millennium Flood (Powódź tysiąclecia).']"
53,175,53_settlers_century_settlement_indigenous,"['settlers', 'century', 'settlement', 'indigenous', 'native', '16th', 'trade', 'peoples', '17th', 'region']","['European settlers called it ""terra preta de Indio"".', 'Starting in the late 18th century, successive waves of explorers then settlers, mainly Spanish and American, emigrated to the San Joaquin basin, first exploiting then driving out the indigenous tribes.', 'The first wave of English-speaking settlers arrived in North America during the 17th century, followed by further migrations in the 18th and 19th centuries.']"
54,172,54_president_executive_chairman_committee,"['president', 'executive', 'chairman', 'committee', 'appointed', 'served', 'member', 'council', 'vice', 'chair']","['President Trump appointed Rex W. Tillerson, the former chairman and CEO of Exxon Mobil, as secretary of state.', 'The Secretary of Health is a member of the Executive Cabinet and is appointed at the discretion of the President of the Republic.', 'He is a former vice president and Executive Committee member of the Rabbinical Council of America.']"
55,171,55_biofuels_biofuel_biomass_waste,"['biofuels', 'biofuel', 'biomass', 'waste', 'ethanol', 'fuel', 'fuels', 'derived', 'production', 'conversion']","['Second generation biofuels are fuels manufactured from various types of biomass.', 'Biofuels are fuels derived from biomass material such as plants and waste.', 'This new biomass can be used for biofuels.']"
56,171,56_building_construction_restoration_built,"['building', 'construction', 'restoration', 'built', 'restored', 'buildings', 'completed', 'original', 'rebuilt', 'constructed']","['Building construction was completed and the equipment was installed in February 1962.', 'Construction began in 1942, and was completed in April 1944.', 'Construction of the building began in 1968 and was completed in 1972.']"
57,165,57_resigned_resignation_resign_position,"['resigned', 'resignation', 'resign', 'position', 'office', 'election', 'appointed', 'announced', 'party', 'post']","['He resigned from his position in 2008, being replaced by Antonis Skyllakos.', 'He resigned when the cabinet was reshuffled on 11 December 2011.', 'In February 2009 he resigned from DMK and as an MLA.']"
58,162,58_act_passed_house_vote,"['act', 'passed', 'house', 'vote', 'care', 'voted', 'affordable', 'law', 'representatives', 'party']","['The bill passed to the House of Commons.', 'On the same day, the House of Representatives re-voted on the bill and passed it by a vote of 224–201.', 'A proposed offering of the un-passed 2009 House Bill 3962, known as the Affordable Health Care for America Act']"
59,161,59_river_state_tributary_municipality,"['river', 'state', 'tributary', 'municipality', 'southeastern', 'rivers', 'list', 'southern', 'western', 'eastern']","['Curuçá River (Pará), a river in the state of Pará, Brazil', 'The Cajari River (Rio Cajari) is a river of Amapá state in Brazil.', 'The Tejipió River is a river of Pernambuco state in Brazil.']"
60,157,60_fjord_municipality_located_village,"['fjord', 'municipality', 'located', 'village', 'peninsula', 'island', 'county', 'northeast', 'km', 'lies']","['Flensburg Firth or Flensborg Fjord (Flensburger Förde Flensborg Fjord), is the westernmost inlet of the Baltic Sea.', 'Lysakerfjorden (Lysaker Fjord) is an arm of the Oslofjord in Norway.', 'Vestfjorden (Svalbard), a fjord on the island of Spitsbergen in Svalbard']"
61,155,61_million_billion_film_cost,"['million', 'billion', 'film', 'cost', 'budget', 'worldwide', 'revenue', 'box', 'dollars', 'estimated']","['The film grossed $ 102 million worldwide against a $ 49 million budget.', 'The film earned $ 40.3 million at worldwide box office on a production budget of $ 11.8 million.', 'Produced with a budget of USD $ 120 million, the film grossed $ 144 million domestically and $ 202 million in foreign markets for a worldwide total of $ 346 million.']"
62,153,62_heat_heating_cooling_air,"['heat', 'heating', 'cooling', 'air', 'fluid', 'thermal', 'storage', 'pump', 'heated', 'hot']","['A heat pump is a device that provides heat energy from a source of heat to a destination called a ""heat sink"".', ""For most exhaust air heat pumps there will be a low heat output to the hot water and heating of just around 1.2 Kw from the compressor / heat pump process but if that falls short of the building 's requirements additional heat will be automatically triggered in the form of immersion heaters or an external gas boiler."", 'As heat demand increases, more electricity is generated to drive the heat pump, with the waste heat also heating the heating fluid.']"
63,150,63_rose_points_game_team,"['rose', 'points', 'game', 'team', 'win', 'season', 'played', 'born', 'play', 'school']","[""Rose is a part-owner and spokesman for the Chicago-based Giordano's Pizzeria."", 'The rose hip, also called rose haw and rose hep, is the accessory fruit of the rose plant.', 'Myim Rose was a singer/songwriter/actress from Washington Heights, New York.']"
64,149,64_insects_feed_feeds_diet,"['insects', 'feed', 'feeds', 'diet', 'fish', 'invertebrates', 'eat', 'larvae', 'prey', 'small']","['It feeds mainly on flying insects, beetles, caterpillars and other insects, but also eats berries.', 'It primarily feeds on voles, frogs, fish, crustaceans and insects.', 'They mostly feed on small aquatic insects and fish.']"
65,149,65_fruit_fruits_cm_seeds,"['fruit', 'fruits', 'cm', 'seeds', 'diameter', 'mm', 'orange', 'red', 'long', 'round']","['The region produces various other horticultural products, including carrots, onions and tomatoes, as well as fruits, such as peach, passion fruit (granadilla), and soursop (anona).', 'The fruit is oblong, enclosed in the calyx.', 'Traditionally, the fruit used has been Chinese hawthorn, but in recent times vendors have also used various other fruits, such as cherry tomatoes, mandarin oranges, strawberries, blueberries, pineapples, kiwifruit, bananas, or grapes.']"
66,148,66_politician_1924_1923_1925,"['politician', '1924', '1923', '1925', '1927', '1926', '1936', '1933', 'states', '1929']","['John W. McCormick (1831 -- 1917), American politician and U.S. Representative from Ohio', 'William E. Humphrey (1862 -- 1934), American politician', 'Nathan B. Scott (1842 -- 1924), U.S. politician']"
67,147,67_hotel_hotels_rooms_opened,"['hotel', 'hotels', 'rooms', 'opened', 'room', 'beach', 'floors', 'building', 'pool', 'star']","['Radisson Blu Hotel Hamburg is a 4-star superior hotel in Hamburg, Germany.', 'Hotel Chinzanso Tokyo is a five star hotel in Bunkyō, Tokyo.', ""The Hongkong Hotel was Hong Kong 's first luxury hotel modelled after sumptuous London hotels.""]"
68,139,68_fertilizers_nitrogen_fertilizer_phosphorus,"['fertilizers', 'nitrogen', 'fertilizer', 'phosphorus', 'phosphate', 'nutrients', 'nutrient', 'soil', 'plant', 'ammonia']","['Major two-component fertilizers provide both nitrogen and phosphorus to the plants.', 'Phosphorus and nitrogen fertilizers when commonly used have major environmental effects.', 'NPK fertilizers are three-component fertilizers providing nitrogen, phosphorus, and potassium.']"
69,134,69_act_clean_air_pollution,"['act', 'clean', 'air', 'pollution', 'federal', 'standards', 'agency', 'quality', 'protection', 'control']","['The Clean Air Act of 1963 was the first federal legislation regarding air pollution control.', 'Clean Air Act"" of 1970', 'The EPA analyzes violators of the Clean Air Act and addresses the violators accordingly.']"
70,133,70_depression_recession_great_unemployment,"['depression', 'recession', 'great', 'unemployment', 'inflation', 'growth', 'rate', 'financial', 'economic', 'crisis']","['Upon entering office, Obama focused on handling the global financial crisis and the subsequent Great Recession that had begun before his election, which was generally regarded as the worst economic downturn since the Great Depression.', 'The Great Depression was a severe worldwide economic depression that took place during the 1930s.', 'The Long Depression, an 1873 -- 1896 economic recession sometimes known as the Great Depression']"
71,131,71_emissions_engineering_limit_mitigation,"['emissions', 'engineering', 'limit', 'mitigation', 'ppm', 'global', 'warming', 'limiting', 'greenhouse', '450']","['For example, limiting global warming to 1.5\xa0°C relative to pre-industrial levels reduces climate change damages more than a 2\xa0°C limit.', 'The current trajectory of global greenhouse gas emissions is not consistent with limiting global warming to below 1.5 or 2\xa0°C, relative to pre-industrial levels.', 'For example, limiting global warming to 1\xa0°C relative to pre-industrial levels may help to reduce climate change damages more than a 2\xa0°C limit.']"
72,128,72_comics_comic_fictional_character,"['comics', 'comic', 'fictional', 'character', 'universe', 'books', 'series', 'characters', 'published', 'book']","['Aquarius (DC Comics), a DC Comics villain', 'Mister E (Timely Comics), a Timely Comics (now Marvel Comics) character', 'The character is unrelated to those published by Fawcett Comics, DC Comics, or Marvel Comics.']"
73,123,73_listed_buildings_list_south,"['listed', 'buildings', 'list', 'south', 'west', 'east', 'village', 'mi', 'miles', 'north']","['List of listed buildings in Perth, Perth and Kinross', 'This is a list of listed buildings in the parish of Latheron in Highland, Scotland.', 'This is a list of listed buildings in the parish of Kilmory in North Ayrshire, Scotland.']"
74,120,74_permafrost_methane_melting_frozen,"['permafrost', 'methane', 'melting', 'frozen', 'continuous', 'ground', 'soil', 'release', 'mean', 'arctic']","['Furthermore, permafrost melting will eventually cause methane release from melting permafrost peat bogs.', 'It was judged that increased emissions of carbon from thawing of permafrost could occur.', 'Discontinuous permafrost is often further divided into ""extensive discontinuous permafrost"", where permafrost covers between 50 and 90 percent of the landscape and is usually found in areas with mean annual temperatures between , and ""sporadic permafrost"", where permafrost cover is less than 50 percent of the landscape and typically occurs at mean annual temperatures between .']"
75,115,75_port_ships_ship_marine,"['port', 'ships', 'ship', 'marine', 'shipping', 'maritime', 'cargo', 'terminal', 'boat', 'fishing']","['Hongkong International Terminals Limited (HIT) is one of several key container port operators in the Port of Hong Kong owned by Hutchison Port Holdings, which is the largest port operator in Hong Kong and the world.', 'It is owned by the Port of Port Townsend.', 'Port Vincent, South Australia, Australia']"
76,115,76_desert_humid_climates_subtropical,"['desert', 'humid', 'climates', 'subtropical', 'hot', 'summers', 'winters', 'cold', 'mild', 'temperate']","['Turpan has an extremely continental desert climate (Köppen Climate Classification ""BWk""), with long, extremely hot summers (resembling a hot desert climate or ""BWh"") and very cold winters (typical of a cold desert) and brief spring and autumn in between.', 'Cold desert climates are typically found at higher altitudes than hot desert climates and are usually drier than hot desert climates.', 'Within the region, desert/semi-desert (California, Nevada, Arizona, New Mexico, Oklahoma, and Texas), Mediterranean (California), humid subtropical (Oklahoma, Texas, Louisiana, Mississippi, Alabama, Arkansas, Florida, Georgia, South Carolina, North Carolina, and Tennessee), and tropical (Florida) climates can be found.']"
77,114,77_calendar_year_leap_starting,"['calendar', 'year', 'leap', 'starting', 'display', 'link', 'days', 'date', 'common', 'month']","['Year 1356 (MCCCLVI) was a leap year starting on Friday (link will display the full calendar) of the Julian calendar.', 'Year 1184 (MCLXXXIV) was a leap year starting on Sunday (link will display the full calendar) of the Julian calendar.', 'Year 1568 (MDLXVIII) was a leap year starting on Thursday (link will display the full calendar) of the Julian calendar.']"
78,113,78_roof_tower_corner_topped,"['roof', 'tower', 'corner', 'topped', 'story', 'features', 'building', 'windows', 'entrance', 'towers']","['It has a rear wing, high-pitched gable roof, and a projecting corner tower with a mansard roof.', 'It features a 3 1/2 - story, cylindrical corner tower with a cylindrical roof.', 'The corner tower is also made of fieldstone, topped by a bell tower with a flared shingled roof.']"
79,113,79_aerosol_aerosols_particles_particle,"['aerosol', 'aerosols', 'particles', 'particle', 'sulfate', 'particulate', 'direct', 'droplets', 'radiation', 'effect']","['An aerosol includes both the particles and the suspending gas, which is usually air.', 'Aerosol science covers generation and removal of aerosols, technological application of aerosols, effects of aerosols on the environment and people, and other topics.', 'As particles and droplets in an aerosol collide with one another, they may undergo coalescence or aggregation.']"
80,112,80_population_billion_growth_birth,"['population', 'billion', 'growth', 'birth', '2050', 'rate', 'rates', 'fertility', 'world', 'nations']","[""The UN publication 'World population prospects' (2017) projects that the world population will reach 9.8 billion in 2050 and 11.2 billion in 2100."", 'According to the most recent (July 2015) revision of the official United Nations World Population Prospects, the world population is projected to reach 8.5 billion by 2030, up from the current 7.3 billion (July 2015), to exceed 9 billion people by 2050, and to reach 11.2 billion by the year 2100.', '2012 United Nations projections show a continued increase in population in the near future with a steady decline in population growth rate; the global population is expected to reach between 8.3\xa0and 10.9\xa0billion by 2050.']"
81,110,81_ozone_layer_stratosphere_depletion,"['ozone', 'layer', 'stratosphere', 'depletion', 'black', 'ultraviolet', 'atmosphere', 'radiation', 'stratospheric', 'concentrations']","[""Lindzen's work on ozone photochemistry has been important in studies that look at the effects that anthropogenic ozone depletion will have on climate."", 'Although the concentration of the ozone in the ozone layer is very small, it is vitally important to life because it absorbs biologically harmful ultraviolet (UV) radiation coming from the sun.', 'There is a large area of low ozone concentration or ""ozone hole"" over Antarctica.']"
82,110,82_resilience_resiliency_urban_climate,"['resilience', 'resiliency', 'urban', 'climate', 'ecological', 'disaster', 'social', 'vulnerability', 'resilient', 'risk']","['Interdisciplinary discourse on resilience now includes consideration of the interactions of humans and ecosystems via socio-ecological systems, and the need for shift from the maximum sustainable yield paradigm to environmental resource management which aims to build ecological resilience through ""resilience analysis, adaptive resource management, and adaptive governance"".', 'Ecological resilience and the thresholds by which resilience is defined are closely interrelated in the way that they influence environmental policy-making, legislation and subsequently environmental management.', 'Ecological resilience is a cornerstone theory in ecosystem management.']"
83,110,83_1918_war_founded_writer,"['1918', 'war', 'founded', 'writer', 'anti', '1933', 'von', 'history', '1945', 'party']","['The uprising started on 6 July 1918 and was claimed to be intended to restart the war with Germany.', 'November 1918 : A German Revolution (November 1918, eine deutsche Revolution) is a tetralogy of novels by German writer Alfred Döblin about the German Revolution of 1918 -- 1919.', 'It became a Free state in the era of Weimar Republic in 1918 after the end of World War I and the abdication of King Frederick Augustus III of Saxony.']"
84,108,84_eclipse_moon_partial_annular,"['eclipse', 'moon', 'partial', 'annular', 'occurs', 'sun', 'lunar', 'eclipses', 'solar', 'obscuring']","['A solar eclipse occurs when the Moon passes between Earth and the Sun, thereby totally or partly obscuring the image of the Sun for a viewer on Earth.', 'A solar eclipse occurs when the Moon passes between Earth and the Sun, thereby totally or partly obscuring the image of the Sun for a viewer on Earth.', 'A solar eclipse occurs when the Moon passes between Earth and the Sun, thereby totally or partly obscuring the image of the Sun for a viewer on Earth.']"
85,107,85_feedback_positive_input_loop,"['feedback', 'positive', 'input', 'loop', 'negative', 'gain', 'equilibrium', 'output', 'systems', 'control']","['Similar experiments have found a preference for positive feedback, and the people who give it, over negative feedback.', 'Positive feedback (or exacerbating feedback) is a process that occurs in a feedback loop which exacerbates the effects of a small disturbance.', 'This is an example of positive feedback.']"
86,106,86_oscillation_la_eastern_southern,"['oscillation', 'la', 'eastern', 'southern', 'surface', 'warm', 'phase', 'ocean', 'events', 'decadal']","['La Niña (/lɑːˈniːnjə/, Spanish pronunciation:\xa0[la ˈniɲa]) is a coupled ocean-atmosphere phenomenon that is the colder counterpart of El Niño, as part of the broader El Niño–Southern Oscillation climate pattern.', 'El Niño is the warm phase of the El Niño–Southern Oscillation (ENSO) and La Niña the cold phase.', 'La Niña is the positive and cold phase of the El Niño–Southern Oscillation, and is associated with cooler-than-average sea surface temperatures in the central and eastern tropical Pacific Ocean.']"
87,106,87_erosion_soil_soils_degradation,"['erosion', 'soil', 'soils', 'degradation', 'rates', 'loss', 'wind', 'vegetation', 'land', 'particles']","['In accordance with these agents, erosion is sometimes divided into water erosion, glacial erosion, snow erosion, wind (aeolic) erosion, zoogenic erosion, and anthropogenic erosion.', 'Rainfall, and the surface runoff which may result from rainfall, produces four main types of soil erosion: ""splash erosion"", ""sheet erosion"", ""rill erosion"", and ""gully erosion"".', 'There are four main types of soil erosion by water: splash erosion, sheet erosion, rill erosion and gully erosion.']"
88,105,88_test_tested_experiments_theories,"['test', 'tested', 'experiments', 'theories', 'scientific', 'statistical', 'method', 'hypothesis', 'theory', 'assumptions']","['It is a fundamental part of the scientific method that all hypotheses and theories must be tested against observations of the natural world rather than resting solely on a priori reasoning, intuition, or revelation.', ""So when the result of a statistical analysis is said to be an ``exact test'' or an ``exact p-value'', it ought to imply that the test is defined without parametric assumptions and evaluated without using approximate algorithms."", ""Often a plastic test plate containing many small ``wells'' is used as the test dish so that many patients may be tested at the same time but their results can be kept separate from each other.""]"
89,105,89_median_income_family_household,"['median', 'income', 'family', 'household', 'females', 'versus', '49', 'capita', '52', 'district']","['In the Commonwealth, the median family income was $ 52,381 and the United States median family income was $ 49,445, in 2010.', 'The median income for a household in the CDP was $28,393, and the median income for a family was $34,844.', 'The median income for a household in the borough was $67,346, and the median income for a family was $102,957.']"
90,105,90_votes_election_vote_won,"['votes', 'election', 'vote', 'won', 'candidate', 'defeated', 'percent', 'win', 'winning', 'margin']","['In the ensuing general election Winston defeated Blossman, 9,549 votes (52 percent) to 8,800 (48 percent).', 'He ran again in the 1900 election and won by a margin of 19 votes.', 'He won the general election against a write-in candidate with about 91 % of the vote according to preliminary election results.']"
91,104,91_rainfall_precipitation_mm_monsoon,"['rainfall', 'precipitation', 'mm', 'monsoon', 'annual', 'rainy', 'average', 'rain', 'seasons', 'region']","['The area has an annual rainfall of 1000 mm.', 'According to FAO the long-run average annual rainfall is 1,738 millimeters (mm).', 'The average annual rainfall is around 859.8 mm.']"
92,103,92_conference_nations_framework_parties,"['conference', 'nations', 'framework', 'parties', 'climate', 'change', 'agreement', 'lobby', 'session', 'held']","[""The 2012 United Nations Climate Change Conference was the 18th yearly session of the Conference of the Parties (COP) to the 1992 United Nations Framework Convention on Climate Change (UNFCCC) and the 8th session of the Meeting of the Parties (CMP) to the 1997 Kyoto Protocol (the protocol having been developed under the UNFCCC 's charter)."", 'The conference encompassed meetings of several bodies, including the 13th Conference of the Parties to the United Nations Framework Convention on Climate Change (COP 13) and the 3rd Meeting of the Parties to the Kyoto Protocol (MOP 3 or CMP 3).', ""The 2013 United Nations Climate Change Conference was the 19th yearly session of the Conference of the Parties (COP) to the 1992 United Nations Framework Convention on Climate Change (UNFCCC) and the 9th session of the Meeting of the Parties (CMP) to the 1997 Kyoto Protocol (the protocol having been developed under the UNFCCC's charter).""]"
93,101,93_stadium_campus_field_capacity,"['stadium', 'campus', 'field', 'capacity', 'games', 'park', 'multi', '000', 'home', 'events']","['See : Qualcomm Stadium in San Diego, California.', 'See : Qualcomm Stadium in San Diego, California.', 'See : Qualcomm Stadium in San Diego, California.']"
94,100,94_rock_rocks_minerals_mineral,"['rock', 'rocks', 'minerals', 'mineral', 'crystals', 'formed', 'calcium', 'deposits', 'fine', 'formation']","['Felsite (also called felstone) is a very fine grained volcanic rock that may or may not contain larger crystals.', 'Fractional crystallization (geology), a natural process occurring in igneous rocks during which precipitation of minerals takes place', 'It is also typical of the interstitial or cementing minerals formed during the diagenesis of sedimentary rocks.']"
95,99,95_la_city_located_situated,"['la', 'city', 'located', 'situated', 'km', 'places', 'county', 'center', 'historic', 'street']","['La Neuville-à-Maire, in the Ardennes département', 'La Ferté-Alais, in the Essonne département', 'La Pommeraie-sur-Sèvre, in the Vendée département']"
96,97,96_meridian_longitude_circle_east,"['meridian', 'longitude', 'circle', 'east', 'line', 'west', 'latitude', 'ocean', 'extends', 'forms']","['The 153rd meridian west forms a great circle with the 27th meridian east.', 'The 29th meridian west forms a great circle with the 151st meridian east.', 'The 64th meridian west forms a great circle with the 116th meridian east.']"
97,97,97_earthquake_tsunami_magnitude_earthquakes,"['earthquake', 'tsunami', 'magnitude', 'earthquakes', 'waves', 'wave', 'moment', 'intensity', 'occurred', 'felt']","['A tsunami was triggered by the earthquake.', 'A particularly dangerous form of slow earthquake is the tsunami earthquake, observed where the relatively low felt intensities, caused by the slow propagation speed of some great earthquakes, fail to alert the population of the neighboring coast, as in the 1896 Sanriku earthquake.', 'The magnitude of this earthquake was put at Mw 7.6.']"
98,96,98_sprawl_urban_city_cities,"['sprawl', 'urban', 'city', 'cities', 'towns', 'community', 'suburbs', 'housing', 'planning', 'growth']","['The term ""urban sprawl"" is highly politicized and almost always has negative connotations.', 'Proponents of containing urban sprawl argue that sprawl leads to urban decay and a concentration of lower income residents in the inner city.', 'Urban sprawl or suburban sprawl mainly refers to the unrestricted growth in many urban areas of housing, commercial development, and roads over large expanses of land, with little concern for urban planning.']"
99,96,99_emails_allegations_data_evidence,"['emails', 'allegations', 'data', 'evidence', 'scientists', 'inquiry', 'science', 'review', 'information', 'research']","['However, the reports urged the scientists to avoid any such allegations in the future, and to regain public confidence following this media storm, with ""more efforts than ever to make available all their supporting data – right down to the computer codes they use – to allow their findings to be properly verified"".', 'The report of the independent Science Assessment Panel was published on 14 April 2010 and concluded that the panel had seen ""no evidence of any deliberate scientific malpractice in any of the work of the Climatic Research Unit.', 'The inquiry committee determined on 3 February 2010 that there was no credible evidence Mann suppressed or falsified data, destroyed emails, information and/or data related to the IPCC Fourth Assessment Report, or misused privileged or confidential information.']"
100,95,100_station_located_street_stations,"['station', 'located', 'street', 'stations', 'square', 'intersection', 'central', 'platform', 'near', 'service']","['A hydrometeorological station and a station of the European Fireball Network at the same time is located here.', 'The old name of this station is Mương Mán Station.', ""However, the station had to be vacated to become the musée d'Orsay.""]"
101,95,101_tax_taxes_cuts_income,"['tax', 'taxes', 'cuts', 'income', 'corporate', 'spending', 'cut', 'act', 'revenue', 'rates']","['Tax withholding had been introduced in the Tariff Act of 1913 but repealed by the Income Tax Act of 1916.', 'The individual and pass-through tax cuts fade over time and become net tax increases starting in 2027 while the corporate tax cuts are permanent.', 'The levies to tax on income were original set out in Schedules to the Income Tax Act.']"
102,94,102_mathematician_mathematical_mathematics_theorem,"['mathematician', 'mathematical', 'mathematics', 'theorem', 'equations', 'theory', 'work', 'analysis', 'proof', 'named']","['José Echegaray (1832 -- 1916), Spanish mathematician, drametist and statesman', 'was a Japanese mathematician who made contributions to analysis and the theory of differential equations.', 'Achille Marie Gaston Floquet (15 December 1847, Épinal -- 7 October 1920, Nancy) was a French mathematician, best known for his work in mathematical analysis, especially in theory of differential equations.']"
103,93,103_thermodynamics_law_entropy_thermodynamic,"['thermodynamics', 'law', 'entropy', 'thermodynamic', 'second', 'energy', 'theorem', 'conservation', 'equilibrium', 'classical']","['The second law of thermodynamics is valid only for systems which are near or in equilibrium state.', ""The second law of thermodynamics states that an isolated system 's entropy never decreases."", 'Rudolf Clausius (Second Law of Thermodynamics)']"
104,93,104_union_unions_workers_labor,"['union', 'unions', 'workers', 'labor', 'trade', 'members', 'membership', 'employees', 'strike', 'collective']","['The union was a member of the Trades Union Congress, but for many years refused to join the Confederation of Shipbuilding and Engineering Unions, something which prompted criticism from other unions in the field.', 'By the 1970s, most unions were unsatisfied with the arrangement, feeling that the trade union members of the council were unrepresentative, and that it was an overly bureaucratic system.', 'The party has members in several unions, including a health union.']"
105,93,105_geothermal_electricity_power_heat,"['geothermal', 'electricity', 'power', 'heat', 'capacity', 'extraction', 'enhanced', 'energy', 'generating', 'potential']","['In 2010, the United States led the world in geothermal electricity production with 3,086 MW of installed capacity from 77 power stations; the largest group of geothermal power plants in the world is located at The Geysers, a geothermal field in California.', 'The largest group of geothermal power plants in the world is located at The Geysers, a geothermal field in California, United States.', 'It is being exploited for geothermal energy.']"
106,91,106_lighting_lights_light_led,"['lighting', 'lights', 'light', 'led', 'use', 'ambient', 'used', 'night', 'devices', 'artificial']","[""He was named in Lighting magazine 's ``Who 's Who of Lighting 2004'', for his contribution to the lighting industry."", '0 -- 10 V lighting control is widely used in commercial and industrial lighting by ballast manufacturers such as GE, Philips, Universal, Metrolight, Sylvania, Creative Lighting, and Lumascape.', 'Lighting was addressed by not only programming the lighting console so that isolated lights could be switched on and off in designated areas of the warehouse, but also by enhancing natural lighting through the use of skylights and a high-gloss floor.']"
107,89,107_warming_human_likely_observed,"['warming', 'human', 'likely', 'observed', 'global', 'scientific', 'activities', 'consensus', 'gases', 'dominant']","['The view that human activities are likely responsible for most of the observed increase in global mean temperature (""global warming"") since the mid-20th century is an accurate reflection of current scientific thinking.', 'This view contradicts the scientific consensus that ""most of the warming observed over the last 50 years is attributable to human activities"".', 'Most of the global warming since the mid-20th century is very likely due to human activities.']"
108,89,108_overfishing_fishing_fisheries_fish,"['overfishing', 'fishing', 'fisheries', 'fish', 'marine', 'sustainable', 'ecosystem', 'coastal', 'species', 'caught']","['Some forms of overfishing, such as the overfishing of sharks, has led to the upset of entire marine ecosystems.', 'There are three recognized types of biological overfishing: growth overfishing, recruit overfishing and ecosystem overfishing.', 'Overfishing has stripped many fisheries around the world of their stocks.']"
109,89,109_glacier_flowing_km_glaciers,"['glacier', 'flowing', 'km', 'glaciers', 'mountains', 'east', 'south', 'ridge', 'southeast', 'north']","['McKinnon Glacier is a glacier flowing southeast from Nemesis Glacier to Beaver Lake in the eastern part of the Aramis Range of the Prince Charles Mountains in Antarctica.', 'The Aletsch Glacier (Aletschgletscher) or Great Aletsch Glacier (Grosser Aletschgletscher) is the largest glacier in the Alps.', 'Honeycomb Glacier (Washington), a glacier in Washington, USA']"
110,89,110_drought_droughts_severe_crops,"['drought', 'droughts', 'severe', 'crops', 'farmers', 'affected', 'prolonged', 'famine', 'rain', 'rainfall']","['It is drought-tolerant once established.', 'It is theorized that drought and unpredictable weather were the cause.', 'In drought it shrinks and becomes desiccated.']"
111,88,111_epoch_geologic_geological_ago,"['epoch', 'geologic', 'geological', 'ago', 'term', 'years', 'timescale', 'stage', 'recent', '000']","[""The Paleocene ([pronˈpæliəˌsiːn, _ ˈpæ -, _ - lioʊ -]) or Palaeocene, the ``old recent'', is a geologic epoch that lasted from about."", 'The Holocene ( ) is the current geological epoch.', 'The Eocene ([pronˈiːəˌsiːn, _ ˈiːoʊ -]) Epoch, lasting from, is a major division of the geologic timescale and the second epoch of the Paleogene Period in the Cenozoic Era.']"
112,88,112_union_countries_integration_political,"['union', 'countries', 'integration', 'political', 'politics', 'policies', 'western', 'states', 'international', 'nations']","['Currently, both countries are often found to be political partners in the European Union.', 'The European example is especially valid in this light, as the European Union as a political body grew out of more than 40 years of economic integration within Europe.', 'East European Politics is a peer-reviewed academic journal covering the government, politics and international relations of the post-communist space, including East Central Europe, the Baltic republics, South Eastern Europe, and the Western Balkans, as well as all the countries of the former Soviet Union.']"
113,88,113_minutes_seconds_lasting_duration,"['minutes', 'seconds', 'lasting', 'duration', 'time', 'hours', '00', 'length', 'consisted', 'match']","['It is three minutes and 34 seconds long and in 4/4 time.', 'The technical routine consists of twelve required elements, which must be completed in order and within a time of between 2 minutes 35 seconds and 3 minutes 5 seconds.', 'It is defined as lasting from 2.0 seconds to several minutes.']"
114,87,114_war_rule_independence_territory,"['war', 'rule', 'independence', 'territory', 'century', 'settled', 'decline', 'capital', '16th', 'led']","['After the war and return of Ottoman rule, the Janissaries began to empower themselves.', 'It tells about the Albanian-Ottoman war during the time of Skanderbeg.', 'The area remained under Ottoman control, with the exception of a brief period of renewed Venetian rule in 1685 -- 1715 and a Russian occupation in 1770 -- 71, until the outbreak of the Greek War of Independence in 1821.']"
115,86,115_funding_fund_foundation_million,"['funding', 'fund', 'foundation', 'million', 'funds', 'raised', 'funded', 'grants', 'corporations', 'billion']","['In 2016, the foundation donated a total of 4.3 million euros.', 'Primary funding was provided by the Town of Lewiston with Niagara River Greenway Plan funds which were received from the New York Power Authority, and with supplemental private support from the Margaret L. Wendt Foundation and the KeyBank Foundation.', 'In 2010, the foundation merged with the Peace Development Fund.']"
116,86,116_denomination_naming_prevalent_medieval,"['denomination', 'naming', 'prevalent', 'medieval', 'era', 'calendar', 'method', 'early', 'period', 'year']","['The denomination 7 BC for this year has been used since the early medieval period, when the Anno Domini calendar era became the prevalent method in Europe for naming years.', 'The denomination 265 BC for this year has been used since the early medieval period, when the Anno Domini calendar era became the prevalent method in Europe for naming years.', 'The denomination 167 BC for this year has been used since the early medieval period, when the Anno Domini calendar era became the prevalent method in Europe for naming years.']"
117,85,117_weather_meteorological_meteorology_forecasts,"['weather', 'meteorological', 'meteorology', 'forecasts', 'forecasting', 'forecast', 'atmospheric', 'prediction', 'organization', 'stations']","['The agency is one of five weather forecast centres for the Meteorological Service of Canada.', ""Weather forecasts for the station are provided by Cheyenne, WY based ``Day Weather.''"", 'Most meteorological observations are taken for use in weather forecasts.']"
118,85,118_aircraft_crashed_flight_crash,"['aircraft', 'crashed', 'flight', 'crash', 'plane', 'crew', 'landing', 'accident', 'killing', 'aviation']","['On 24 July 2014, a McDonnell Douglas MD-83 aircraft flying Air Algérie Flight 5017 crashed southeast of Gossi with 116 people on board.', 'The aircraft crashed in the south-western outskirts of Nakhchivan, 3850 m from the airport runway.', 'Olympic Airways Flight 954 was a Douglas DC-6B aircraft that crashed into a mountain near Keratea (approx.']"
119,84,119_number_numbers_binary_words,"['number', 'numbers', 'binary', 'words', 'sequence', 'represented', 'code', 'writing', 'characters', 'represent']","['It is also used for the number 5.', 'It is defined by indexing the elements of the sequence by the numbers from 0 to n − 1 and then reversing the binary representations of each of these numbers (padded so that each of these binary numbers has length exactly k).', 'Nor even can the number of digits of that number.']"
120,84,120_tide_tides_ocean_tidal,"['tide', 'tides', 'ocean', 'tidal', 'sea', 'beach', 'continental', 'coast', 'high', 'seas']","['Tuvalu is also affected by perigean spring tide events (often called a king tide), which raise the sea level higher than a normal high tide.', 'Flood tide is the rising tide of an ocean, the opposite of ebb tide', 'Ebb tide means the period between high tide and low tide during which water flows away from the shore.']"
121,82,121_released_release_version_scheduled,"['released', 'release', 'version', 'scheduled', '2017', 'releases', '2012', 'edition', 'digital', 'announced']","['It is slated to be released on Halloween of 2016.', 'It was released in May 2012.', 'Released in April 2006, it was rumored to be a Canadian-only release.']"
122,80,122_sex_discrimination_marriage_sexual,"['sex', 'discrimination', 'marriage', 'sexual', 'orientation', 'identity', 'rights', 'legal', 'law', 'act']","['The anti-discrimination law enacted in 2012 defines discrimination and includes protection against it on grounds of sexual orientation, gender identity and gender expression.', 'Same-sex sexual activity is legal since May 2016, but there are no legal recognition of same-sex unions, protections against discrimination, or other protections.', 'Inhofe is in favor of a constitutional amendment banning same-sex marriage, against adding sexual orientation to the definition of hate crimes, and voted against prohibiting job discrimination on the basis of sexual orientation.']"
123,80,123_tornado_tornadoes_outbreak_damage,"['tornado', 'tornadoes', 'outbreak', 'damage', 'killed', 'struck', 'fatalities', 'confirmed', 'day', 'people']","['Another tornado touched down in Minnesota.', 'The August 2008 European tornado outbreak was a widespread severe weather event which spawned thirteen tornadoes in four countries, one of which killed three people in France.', 'A widespread tornado outbreak produced at least 36 tornadoes across the Great Plains and Midwest.']"
124,78,124_symptoms_skin_include_blood,"['symptoms', 'skin', 'include', 'blood', 'effects', 'condition', 'common', 'fever', 'heart', 'cause']","['Other major symptoms are bilateral pitting edema of extremities, headache, nausea, loose bowels, erythema, glaucoma and breathlessness.', 'Other symptoms may include bone pain, chest pain, or itchiness.', 'Effects include skin rashes, psychological effects, and allergic symptoms.']"
125,77,125_currents_circulation_ocean_thermohaline,"['currents', 'circulation', 'ocean', 'thermohaline', 'stream', 'north', 'surface', 'driven', 'equatorial', 'warm']","['Surface currents are found on the surface of an ocean, and are driven by large scale wind currents.', 'Ocean currents are also important factors in determining climate, particularly the thermohaline circulation that distributes thermal energy from the equatorial oceans to the polar regions.', 'The thermohaline circulation is a part of the large-scale ocean circulation that is driven by global density gradients created by surface heat and freshwater fluxes.']"
126,76,126_chart_charts_peaked_weekly,"['chart', 'charts', 'peaked', 'weekly', 'copies', 'weeks', 'album', 'reached', 'selling', 'single']","['The single reached # 7 on the Oricon weekly chart and charted for ten weeks, selling 25,531 copies.', 'The album peaked at # 30 on the Oricon Albums Chart and remained on the chart for 3 weeks.', 'O.R.I.O.N topped both Recochoku and iTunes weekly single charts in its first week of release, and ranked #2 in Oricon weekly single chart, selling 190,261 physical copies.']"
127,75,127_panel_change_climate_assessment,"['panel', 'change', 'climate', 'assessment', 'scientific', 'report', 'consensus', 'impacts', 'reports', 'understanding']","['These were presented in the International Panel on Climate Change Fifth Assessment report.', '""The work of the Intergovernmental Panel on Climate Change (IPCC) represents the consensus of the international scientific community on climate change science.', 'New York City Panel on Climate Change, an advisory panel to the New York City Mayor on climate change modeled on the Intergovernmental Panel on Climate Change (IPCC)']"
128,74,128_precipitation_convective_rain_clouds,"['precipitation', 'convective', 'rain', 'clouds', 'drops', 'droplets', 'upward', 'air', 'falls', 'warm']","['Most precipitation in the tropics appears to be convective; however, it has been suggested that stratiform precipitation also occurs.', 'Most precipitation in the tropics appears to be convective; however, it has been suggested that stratiform precipitation also occurs.', 'Convective rain, or showery precipitation, occurs from convective clouds, e.g., cumulonimbus or cumulus congestus.']"
129,73,129_emissions_aviation_1990_percent,"['emissions', 'aviation', '1990', 'percent', 'projected', 'passenger', 'annual', 'tons', '2007', 'tonnes']","['In the EU, greenhouse gas emissions from aviation increased by 87% between 1990 and 2006.', 'Total CO emissions from energy use were 5% below their 1990 level in 2007.', 'In the European Union, greenhouse gas emissions from aviation increased by 87 percent between 1990 and 2006.']"
130,73,130_snow_snowfall_winter_parts,"['snow', 'snowfall', 'winter', 'parts', 'fell', 'cm', 'heavy', 'northern', 'weather', 'brought']","['Snow later fell in the Midlands and South-east England.', 'A snowsquall (or snow squall) is a sudden moderately heavy snow fall with blowing snow and strong, gusty surface winds.', 'Snow showers also affected Wales and the south-west of England, whilst periods of heavy snow dumped a further 5–10\xa0cm of snow across the south-east corner.']"
131,72,131_children_birth_control_planning,"['children', 'birth', 'control', 'planning', 'methods', 'parents', 'care', 'family', 'mortality', 'women']","['Population planning that is intended to reduce population size or growth rate may promote or enforce one or more of the following practices, although there are other methods as well: Greater and better access to contraception Reducing infant mortality so that parents do not need to have many children to ensure at least some survive to adulthood.', 'He recommends that people should have no more than two children.', 'The movement sees children as a blessing from God and it promotes compulsory procreation, abstaining from all forms of birth control, (including natural family planning) and sterilization.']"
132,72,132_commitments_binding_targets_agreement,"['commitments', 'binding', 'targets', 'agreement', 'treaty', 'round', 'emissions', 'negotiations', 'agreed', 'countries']","['To become binding in the US, however, the treaty had to be ratified by the Senate, which had already passed the 1997 non-binding Byrd-Hagel Resolution, expressing disapproval of any international agreement that did not require developing countries to make emission reductions and ""would seriously harm the economy of the United States"".', 'In ratifying the Kyoto Protocol, most developed countries accepted legally binding commitments to limit their emissions.', 'The 37 Kyoto Protocol Parties, listed in Annex B of the treaty, have agreed to legally binding emission reduction commitments.']"
133,71,133_game_video_playing_series,"['game', 'video', 'playing', 'series', 'games', 'role', 'based', 'character', 'fictional', 'edition']","['It is the sequel game to Killer Bunnies and the Quest for the Magic Carrot.', 'Dragon Storm (game), a role-playing game and collectible card game', ""Azrael 's Tear is a first-person role-playing video game adventure game published by Mindscape and developed by Intelligent Games.""]"
134,68,134_length_cm_reach_maximum,"['length', 'cm', 'reach', 'maximum', 'centimeters', 'total', 'inches', 'long', 'mm', '55']","['Males can reach a maximum total length of 70 cm.', 'Males can reach a maximum total length of 30 cm.', 'Males can reach a maximum total length of 30 cm.']"
135,66,135_crime_criminal_justice_law,"['crime', 'criminal', 'justice', 'law', 'sexual', 'analysis', 'rate', 'violent', 'defense', 'argue']","[""However, the European research suggests that ``increased use of crime prevention measures may indeed be the common factor behind the near universal decrease in overall levels of crime in the Western world'', since decreases have been most pronounced in property crime and less so, if at all, in contact crimes."", 'The Crime Family has a history of criminal activity dating back to the late nineteenth century.', 'As a result, Miami sees a steep rise in crime.']"
136,66,136_camera_images_resolution_vision,"['camera', 'images', 'resolution', 'vision', 'view', 'image', 'video', 'digital', 'angle', 'visible']","['The front-facing camera has a resolution of 1.3 megapixels.', 'High Resolution Stereo Camera (HRSC) is a camera experiment on Mars Express.', 'A field camera is a view camera that can be folded in a compact size.']"
137,65,137_adaptation_change_climate_vulnerability,"['adaptation', 'change', 'climate', 'vulnerability', 'effects', 'developing', 'countries', 'impacts', 'adverse', 'economic']","[""A book by the Berliner Wissenschafts-Verlag on 'conflict-sensitive adaptation' sheds light on unintended damaging effects of climate adaptation measures."", 'The authors provide a ""Memorandum for Action on Adaptation for Peace and Stability"" that outlines principles to support processes for adaptation and peace such as the establishment of peace and conflict assessments for adaptation programmes, mainstreaming climate change adaptation in conflict-prone contexts, applying conflict sensitive approaches or provisions to ensure participatory processes to design and implement adaptation measures.', 'Adaptation is especially important in developing countries since those countries are bearing the brunt of the effects of global warming.']"
138,63,138_border_valley_river_relations,"['border', 'valley', 'river', 'relations', 'area', 'counties', 'metropolitan', 'league', 'region', 'west']","['Mission Valley is an area of El Paso, Texas, United States, which includes part of Eastside and all Lower Valley districts.', 'Concho Valley is a region in West Texas.', 'Presidio County (K-5 in Texas topological index of counties) is in the Trans-Pecos region of West Texas and is named for the ancient border settlement of Presidio del Norte.']"
139,61,139_death_father_war_purchased,"['death', 'father', 'war', 'purchased', 'house', 'succession', 'family', 'served', '15th', 'farm']","[""In Europe, the Black Death claimed between 75 and 200 million lives, while England and France fought in the protracted Hundred Years ' War after the death of Charles IV, King of France led to a claim to the French throne by Edward III, King of England."", ""It reverted to the Crown on Fitzwilliam 's death and was granted in 1545 to Thomas Seymour, brother to Edward Seymour, 1st Duke of Somerset, Protector (of the infant King Edward VI, son of King Henry VIII)."", 'He served as regent after the death of King Henry III of England while Edward was still on crusade.']"
140,60,140_journal_factor_reports_impact,"['journal', 'factor', 'reports', 'impact', 'according', 'journals', 'ranking', 'category', '2014', '2015']","['According to the Journal Citation Reports, the journal has a 2014 impact factor of 1.562.', 'According to the Journal Citation Reports, the journal has a 2014 impact factor of 2.076.', 'According to the Journal Citation Reports, the journal has a 2014 impact factor of 2.761.']"
141,60,141_closed_permanently_turned_company,"['closed', 'permanently', 'turned', 'company', '1968', 'opened', 'aviation', 'service', 'passengers', 'shut']","['As of June 8, 2015, the company has closed.', 'The station was closed due to budgetary cuts for part of 2003 and 2004, and then closed for renovations from 1 July 2006.', 'It closed in 2008, and has since been demolished.']"
142,58,142_risks_risk_safety_civilization,"['risks', 'risk', 'safety', 'civilization', 'catastrophic', 'inherent', 'destroying', 'future', 'health', 'hazards']","['This is further underlined by an understanding of the interconnectedness of global systemic risks.', 'A ""global catastrophic risk"" is any risk that is at least ""global"" in scope, and is not subjectively ""imperceptible"" in intensity.', 'Potential global catastrophic risks include anthropogenic risks, caused by humans (technology, governance, climate change), and non-anthropogenic or external risks.']"
143,57,143_efficiency_energy_efficient_improvements,"['efficiency', 'energy', 'efficient', 'improvements', 'consumption', 'opportunities', 'conservation', 'demand', 'improved', 'use']","['Efficient energy use, sometimes simply called ""energy efficiency"", is the goal of efforts to reduce the amount of energy required to provide products and services.', 'Energy conservation is broader than energy efficiency in that it encompasses using less energy to achieve a lesser energy demanding service, for example through behavioral change, as well as encompassing energy efficiency.', 'Improvements in energy efficiency are most often achieved by adopting an efficient technology or production process.']"
144,57,144_rise_sea_level_mm,"['rise', 'sea', 'level', 'mm', 'melting', 'levels', 'ft', 'ice', 'floating', 'cm']","[""The world's largest potential source of sea level rise is the East Antarctic Ice Sheet, which holds enough ice to raise global sea levels by 53.3\xa0m (175\xa0ft)."", '(roughly 1\xa0mm/y or less) is similar to the modeled imbalance in the Antarctic (roughly 1\xa0mm/y of sea-level rise; Huybrechts 1990), suggesting a contribution of sea-level rise from the Antarctic.', 'Some authors (Paterson 1993; Alley 1997) have suggested that the difference between the observed rate of sea-level rise (roughly 2\xa0mm/y) and the explained rate of sea-level rise from melting of mountain glaciers, thermal expansion of the ocean, etc.']"
145,56,145_1963_ranked_peninsula_list,"['1963', 'ranked', 'peninsula', 'list', '1957', 'independence', 'language', 'towns', 'country', 'achieved']","['Malaya later formed Malaysia with three other states in 1963.', 'The movement believes that the terms and conditions for the formation of Malaysia gave Sarawak, North Borneo, Malaya, and Singapore the status of equal partners in the newly formed Malaysia, in 1963.', 'Malaysian literature is the collection of literary works produced in the Malay peninsula until 1963 and in Malaysia thereafter.']"
146,55,146_heat_deaths_extreme_mortality,"['heat', 'deaths', 'extreme', 'mortality', 'weather', 'related', 'wave', '2003', 'events', 'persons']","[""One piece of their evidence is that in summer 2003, during Europe's big heat wave, there were 70,000 recorded deaths related to the heat."", 'Rising temperatures have two opposing direct effects on mortality: higher temperatures in winter reduce deaths from cold; higher temperatures in summer increase heat-related deaths.', 'In France, 14,802 heat-related deaths (mostly among the elderly) occurred during the heat wave, according to the French National Institute of Health.']"
147,54,147_brown_dark_spot_cell,"['brown', 'dark', 'spot', 'cell', 'margin', 'middle', 'base', 'black', 'scales', 'inner']","['Yellowish-brown sarcotesta, glabrous and/or glaucous.', 'The forewing underside is much more shaded with brown than the upperside.', 'The inflorescence is a panicle of brown to purplish spikelets.']"
148,54,148_longitude_altitude_latitude_located,"['longitude', 'altitude', 'latitude', 'located', 'metres', 'feet', '34', '32', '28', '73']","[""It is located at 32 ° 30 ' 0N 73 ° 25 ' 0E and has an altitude of 216 metres (711 feet)."", ""It is located at 34 ° 7 ' 15N 73 ° 5 ' 55E with an altitude of 958 metres (3146 feet)."", ""It is located at latitude 40 ° 28 ' 16 N : longitude 71 ° 43 ' 29 E. at an altitude of 487 meters.""]"
149,53,149_behavior_learning_perception_psychology,"['behavior', 'learning', 'perception', 'psychology', 'situations', 'mind', 'concepts', 'stimulus', 'thinking', 'mechanisms']","['Concretism (psychology), a form of thought and feeling that represents concrete concepts related to sensation as opposed to abstractions, see Attitude (psychology)', 'To understand behavior, behavior analysts use the same scientific methods that the physical sciences employ : precise definition of the behavior under study, experimentation, and consistent replication of the experimental findings.', 'Generalization is the concept that humans and animals use past learning in present situations of learning if the conditions in the situations are regarded as similar.']"
150,53,150_carbon_compounds_atoms_element,"['carbon', 'compounds', 'atoms', 'element', 'charcoal', 'forms', 'organic', 'contain', 'elements', 'metals']","['Carbon forms a vast number of compounds, more than any other element, with almost ten million compounds described to date, and yet that number is but a fraction of the number of theoretically possible compounds under standard conditions.', 'Carbon nanotubes (CNTs) are allotropes of carbon with a cylindrical nanostructure.', 'Carbon nanotubes (CNTs) are allotropes of carbon with a cylindrical nanostructure.']"
151,52,151_age_median_18_24,"['age', 'median', '18', '24', 'older', 'years', '44', '64', '45', '65']","['In the city, the population was spread out with 37.4% under the age of 18, 9.5% from 18 to 24, 28.5% from 25 to 44, 16.0% from 45 to 64, and 8.5% who were 65 years of age or older.', 'The median age was 25 years.', 'The median age was 24 years.']"
152,51,152_steam_turbine_heat_generator,"['steam', 'turbine', 'heat', 'generator', 'power', 'exhaust', 'engine', 'generators', 'used', 'cycle']","['The steam, in turn, drives a steam turbine or is used in industrial processes that require heat.', 'Most of the efficiency loss with steam power generation is associated with the latent heat of vaporization of steam that is not recovered when a turbine exhausts its low temperature and pressure steam to a condenser.', 'A heat recovery steam generator (HRSG) is a steam boiler that uses hot exhaust gases from the gas turbines or reciprocating engines in a CHP plant to heat up water and generate steam.']"
153,51,153_overpopulation_population_growth_resources,"['overpopulation', 'population', 'growth', 'resources', 'sustain', 'carrying', 'human', 'rapid', 'problems', 'capacity']","['The effects of overpopulation are compounded by overconsumption.', 'The effects of overpopulation are compounded by overconsumption.', 'Human overpopulation (or population overshoot) is when there are too many people for the environment to sustain (with food, drinkable water, breathable air, etc.).']"
154,50,154_biochar_soil_charcoal_biomass,"['biochar', 'soil', 'charcoal', 'biomass', 'soils', 'sequestration', 'carbon', 'reduce', 'solid', 'fertilizer']","['Like most charcoal, biochar is made from biomass via pyrolysis.', 'An alternative is to use small amounts of biochar in lower cost biochar-fertilizer complexes.', 'Biochar is charcoal used as a soil amendment.']"
